{"cameraMode":{"drawMode":0,"name":"Shaded","section":"Shading Mode"},"sceneLighting":true,"audioPlay":false,"sceneViewState":{"showFog":false,"showMaterialUpdate":false,"showSkybox":false,"showFlares":false,"showImageEffects":false,"showParticleSystems":false},"in2DMode":false,"pivot":{"x":-10.556418418884278,"y":32.1453971862793,"z":-3.602106809616089},"rotation":{"x":0.6075724959373474,"y":0.023120859637856485,"z":-0.01769929565489292,"w":0.7937303185462952},"size":1.498533010482788,"orthographic":false}