{"cameraMode":{"drawMode":0,"name":"Shaded","section":"Shading Mode"},"sceneLighting":true,"audioPlay":false,"sceneViewState":{"showFog":false,"showMaterialUpdate":false,"showSkybox":false,"showFlares":false,"showImageEffects":false,"showParticleSystems":false},"in2DMode":false,"pivot":{"x":1.2000000476837159,"y":1.4660522937774659,"z":12.773771286010743},"rotation":{"x":0.05328862741589546,"y":-0.018850384280085565,"z":0.0010053026489913464,"w":0.9984007477760315},"size":59.14948654174805,"orthographic":true}