{"cameraMode":{"drawMode":0,"name":"Shaded","section":"Shading Mode"},"sceneLighting":true,"audioPlay":false,"sceneViewState":{"showFog":false,"showMaterialUpdate":false,"showSkybox":false,"showFlares":false,"showImageEffects":false,"showParticleSystems":false},"in2DMode":false,"pivot":{"x":1.2000000476837159,"y":1.4660522937774659,"z":12.773771286010743},"rotation":{"x":-0.2121976912021637,"y":-0.0011867264984175563,"z":0.00025829224614426494,"w":-0.9772260189056397},"size":8.822484970092774,"orthographic":true}