{"cameraMode":{"drawMode":0,"name":"Shaded","section":"Shading Mode"},"sceneLighting":true,"audioPlay":false,"sceneViewState":{"showFog":false,"showMaterialUpdate":false,"showSkybox":false,"showFlares":false,"showImageEffects":false,"showParticleSystems":false},"in2DMode":false,"pivot":{"x":-10.423749923706055,"y":32.1879768371582,"z":-3.4923877716064455},"rotation":{"x":0.5638056397438049,"y":0.12326239794492722,"z":-0.08557022362947464,"w":0.8121622204780579},"size":1.498533010482788,"orthographic":false}