{"cameraMode":{"drawMode":0,"name":"Shaded","section":"Shading Mode"},"sceneLighting":false,"audioPlay":false,"sceneViewState":{"showFog":false,"showMaterialUpdate":false,"showSkybox":false,"showFlares":false,"showImageEffects":false,"showParticleSystems":false},"in2DMode":false,"pivot":{"x":22.152984619140626,"y":-0.4055020809173584,"z":-0.14330673217773438},"rotation":{"x":-0.013986409641802311,"y":-0.8763361573219299,"z":0.4808216691017151,"w":-0.02549368143081665},"size":23.153827667236329,"orthographic":true}