{"cameraMode":{"drawMode":0,"name":"Shaded","section":"Shading Mode"},"sceneLighting":false,"audioPlay":false,"sceneViewState":{"showFog":false,"showMaterialUpdate":false,"showSkybox":false,"showFlares":false,"showImageEffects":false,"showParticleSystems":false},"in2DMode":false,"pivot":{"x":6.481009483337402,"y":0.6735258102416992,"z":12.085892677307129},"rotation":{"x":-0.029541388154029847,"y":-0.6698441505432129,"z":0.02669057436287403,"w":-0.7414336204528809},"size":4.1119160652160648,"orthographic":true}