{"cameraMode":{"drawMode":0,"name":"Shaded","section":"Shading Mode"},"sceneLighting":true,"audioPlay":false,"sceneViewState":{"showFog":true,"showMaterialUpdate":false,"showSkybox":true,"showFlares":true,"showImageEffects":true,"showParticleSystems":true},"in2DMode":false,"pivot":{"x":-15.829606056213379,"y":-0.3132743835449219,"z":0.22181320190429688},"rotation":{"x":0.15233974158763886,"y":-0.83790522813797,"z":0.294335275888443,"w":0.4336753189563751},"size":36.754817962646487,"orthographic":false}