{"cameraMode":{"drawMode":0,"name":"Shaded","section":"Shading Mode"},"sceneLighting":true,"audioPlay":false,"sceneViewState":{"showFog":true,"showMaterialUpdate":false,"showSkybox":true,"showFlares":true,"showImageEffects":true,"showParticleSystems":true},"in2DMode":false,"pivot":{"x":-2.4546451568603517,"y":0.11242055892944336,"z":13.025236129760743},"rotation":{"x":0.20726637542247773,"y":-0.26160845160484316,"z":0.05762792006134987,"w":0.9408935904502869},"size":17.16856575012207,"orthographic":false}