{"cameraMode":{"drawMode":0,"name":"Shaded","section":"Shading Mode"},"sceneLighting":true,"audioPlay":false,"sceneViewState":{"showFog":false,"showMaterialUpdate":false,"showSkybox":false,"showFlares":false,"showImageEffects":false,"showParticleSystems":false},"in2DMode":false,"pivot":{"x":-11.85107135772705,"y":3.4410104751586916,"z":-12.991331100463868},"rotation":{"x":-0.05368329957127571,"y":-0.3004973828792572,"z":0.016943512484431268,"w":-0.9521199464797974},"size":14.329853057861329,"orthographic":true}