{"cameraMode":{"drawMode":0,"name":"Shaded","section":"Shading Mode"},"sceneLighting":false,"audioPlay":false,"sceneViewState":{"showFog":false,"showMaterialUpdate":false,"showSkybox":false,"showFlares":false,"showImageEffects":false,"showParticleSystems":false},"in2DMode":false,"pivot":{"x":6.164079189300537,"y":0.9730877876281738,"z":9.535967826843262},"rotation":{"x":-0.02339157648384571,"y":-0.8987587094306946,"z":0.43514537811279299,"w":-0.04831361770629883},"size":5.925470352172852,"orthographic":false}