{"cameraMode":{"drawMode":0,"name":"Shaded","section":"Shading Mode"},"sceneLighting":true,"audioPlay":false,"sceneViewState":{"showFog":false,"showMaterialUpdate":false,"showSkybox":false,"showFlares":false,"showImageEffects":false,"showParticleSystems":false},"in2DMode":false,"pivot":{"x":1.2000000476837159,"y":1.4660522937774659,"z":12.773771286010743},"rotation":{"x":0.044308681041002277,"y":-0.002375817857682705,"z":0.00010457872849656269,"w":0.9990151524543762},"size":59.14948654174805,"orthographic":true}