{"cameraMode":{"drawMode":0,"name":"Shaded","section":"Shading Mode"},"sceneLighting":false,"audioPlay":false,"sceneViewState":{"showFog":false,"showMaterialUpdate":false,"showSkybox":false,"showFlares":false,"showImageEffects":false,"showParticleSystems":false},"in2DMode":false,"pivot":{"x":-7.774143218994141,"y":0.7469378113746643,"z":12.093379020690918},"rotation":{"x":0.5897520780563355,"y":0.011402949690818787,"z":-0.008329684846103192,"w":0.8074609041213989},"size":4.210218906402588,"orthographic":false}