{"cameraMode":{"drawMode":0,"name":"Shaded","section":"Shading Mode"},"sceneLighting":false,"audioPlay":false,"sceneViewState":{"showFog":false,"showMaterialUpdate":false,"showSkybox":false,"showFlares":false,"showImageEffects":false,"showParticleSystems":false},"in2DMode":false,"pivot":{"x":1.2000000476837159,"y":1.4660522937774659,"z":12.773771286010743},"rotation":{"x":-0.12559284269809724,"y":0.1175549328327179,"z":-0.014988753013312817,"w":-0.9849785566329956},"size":8.822484970092774,"orthographic":true}