{"cameraMode":{"drawMode":0,"name":"Shaded","section":"Shading Mode"},"sceneLighting":true,"audioPlay":false,"sceneViewState":{"showFog":false,"showMaterialUpdate":false,"showSkybox":false,"showFlares":false,"showImageEffects":false,"showParticleSystems":false},"in2DMode":false,"pivot":{"x":1.2000000476837159,"y":1.4660522937774659,"z":12.773771286010743},"rotation":{"x":-0.10263973474502564,"y":-0.0071762846782803539,"z":0.0007410785183310509,"w":-0.9946924448013306},"size":14.769221305847168,"orthographic":true}