{"cameraMode":{"drawMode":0,"name":"Shaded","section":"Shading Mode"},"sceneLighting":false,"audioPlay":false,"sceneViewState":{"showFog":false,"showMaterialUpdate":false,"showSkybox":false,"showFlares":false,"showImageEffects":false,"showParticleSystems":false},"in2DMode":false,"pivot":{"x":1.2589609622955323,"y":1.2588279247283936,"z":12.940460205078125},"rotation":{"x":0.5897520780563355,"y":0.011402949690818787,"z":-0.008329684846103192,"w":0.8074609041213989},"size":10.072341918945313,"orthographic":false}