{"cameraMode":{"drawMode":0,"name":"Shaded","section":"Shading Mode"},"sceneLighting":false,"audioPlay":false,"sceneViewState":{"showFog":false,"showMaterialUpdate":false,"showSkybox":false,"showFlares":false,"showImageEffects":false,"showParticleSystems":false},"in2DMode":false,"pivot":{"x":-7.780544281005859,"y":0.0,"z":12.199999809265137},"rotation":{"x":-0.14876672625541688,"y":-0.005650363862514496,"z":0.0008505642763338983,"w":-0.9888558387756348},"size":3.3121466636657717,"orthographic":true}